йПЮРЙНЕ МЮХЛЕМНБЮМХЕ;тНПЛЮ ЯНАЯРБЕММНЯРХ;хмм;йоо;йНД йюяс мях
юа пняяхъ;гюн;7831000122;783501001;MDM-512-000234508
юбюмцюпд;гюн;6726504312;672601001;MDM-512-000233762
юбхю лемедфлемр цпсо;гюн;7706563054;770901001;MDM-512-000232316
юбхюпрн;гюн;7718515591;771801001;MDM-713-000545255
юбхюяюкнм;гюн;5013030160;504001001;MDM-612-000245403
юбхюжхнммши йнмяюкрхмц-реумн;гюн;7701258233;770101001;MDM-512-000232480
юг спюк, юн юбрнлнахкэмши гюбнд спюк;гюн;7415029289;741501001;MDM-512-000233142
юй юпр-юсдхр;гюн;4101084163;771401001;MDM-512-000233360
юй аюкюмя. крд;гюн;7743635839;774301001;MDM-512-000234449
юйа ебпнтхмюмя лнямюпаюмй;гюн;7703115760;770401001;MDM-512-000234493
юйа мнбхйнлаюмй;гюн;7706196340;770601001;MDM-512-000233215
юйа якюбхъ;гюн;7726000596;772801001;MDM-512-000233210
юйй щйтх;гюн;7709025865;771301001;MDM-512-000233561
юййслскърнпмюъ йнлоюмхъ пхцекэ;гюн;7813054118;781301001;MDM-612-000245426
юйлерпнм;гюн;7723827170;772301001;MDM-512-000233565
юйрхб;гюн;6671449839;667101001;MDM-512-000233557
юйсрю;гюн;7813426574;781301001;MDM-813-000556600
юкюддхм п.д.;гюн;7719165935;771601001;MDM-512-000234495
юкэрюхп-1;гюн;7722016370;772201001;MDM-512-000233564
юкэрейя;гюн;7735141970;773501001;MDM-512-000233339
юкэтю-аюмй;гюн;7728168971;770801001;MDM-512-000234480
юмцярпел-р;гюн;7735128151;773501001;MDM-512-000233205
юмрж;гюн;7733020152;773301001;MDM-912-000281831
юн 2-ни юпуюмцекэяйхи нюн;гюн;2901125778;292101001;MDM-512-000233195
юн кгня юн кшрйюпхмяйхи гюбнд норхвеяйнцн ярейкю;гюн;5026000300;502701001;MDM-512-000233926
юнп лд мо йпюямюъ гбегдю;гюн;1830000383;183901001;MDM-512-000233444
юог пнрнп;гюн;2225008370;222501001;MDM-512-000233756
юооюпюрспю яхярел ябъгх;гюн;7733118260;501501001;MDM-512-000233334
юпйнмхй ялг;гюн;6310000160;631201001;MDM-912-000281862
юяй;гюн;7731595540;773101001;MDM-512-000233786
юяйнм;гюн;7816110755;781601001;MDM-512-000233562
юящ;гюн;7701186067;526001001;MDM-512-000234520
юрпх;гюн;7814488492;781401001;MDM-514-000793796
юсдхрнпяйюъ тхплю йпхрепхи-юсдхр;гюн;7707120640;770901001;MDM-713-000553325
ют цнпхякюбжеб х й.юсдхр;гюн;7701120482;771501001;MDM-512-000234670
ющх опюил;гюн;7703119309;770401001;MDM-512-000233362
ющпнонпр юярпюуюмэ;гюн;3017004560;302501001;MDM-514-000811735
ющпнонпр рнклювебн;гюн;5448100208;544801001;MDM-512-000233791
ющпнонпр рсмньмю;гюн;7627026995;762701001;MDM-514-000815220
а.ю.о.;гюн;7825419081;781601001;MDM-512-000233346
аектпюур;гюн;2901084176;290101001;MDM-214-000631956
аерю хп;гюн;6154026578;615401001;MDM-512-000233349
ахгмея юи рх;гюн;7709782632;772201001;MDM-512-000233300
ахгмея йнлоэчреп жемрп яюмйр-оерепаспц;гюн;7810108510;781901001;MDM-512-000233350
ахмйня;гюн;7722006212;772201001;MDM-713-000553318
апюмдр;гюн;7722116110;772201001;MDM-512-000233332
атю-дебекнолемр;гюн;7803076056;784101001;MDM-512-000234471
бйг;гюн;3662051517;366201001;MDM-512-000234802
бй-ля;гюн;7743002177;774301001;MDM-512-000232598
бмеьюбхюйнялня;гюн;7702500790;770201001;MDM-512-000234744
бмххпю-нбд;гюн;7801007177;780101001;MDM-512-000233367
бой;гюн;3525114733;352501001;MDM-713-000553280
бьг;гюн;3663088326;366301001;MDM-512-000233372
бърйю-щйн;гюн;4347006895;434501001;MDM-512-000233368
цетеяр х р;гюн;5013013165;504001001;MDM-512-000233291
цнккюпд;гюн;7725084240;772601001;MDM-512-000233373
цпсоою пжа;гюн;7706677213;770601001;MDM-912-000281758
дюрюрек;гюн;7731186868;770901001;MDM-912-000281939
дбщй;гюн;2539006616;253901001;MDM-512-000233385
дхдфхрюк дхгюим;гюн;7803009412;780101001;MDM-512-000231085
е5;гюн;7736560607;772601001;MDM-512-000233612
гюбнд хл. йнгхжйнцн;гюн;7801096875;780101001;MDM-713-000553221
гемхр-хмбеяропнл;гюн;5024092151;502401001;MDM-614-000828894
хгдюрекэяйхи днл нпреу;гюн;7723542689;772301001;MDM-712-000252548
хмрецпюрнп;гюн;7719121039;771901001;MDM-713-000553203
хмрепмеиьмк йюпцн яепбхя;гюн;7723016125;504701001;MDM-512-000233403
хмтнреярйнл;гюн;7721603230;772101001;MDM-114-000621804
хяр;гюн;7825347630;780101001;MDM-813-000556784
хр реяр-опханп;гюн;5029143882;502901001;MDM-913-000567810
йюдтел ях-юи-щя;гюн;7720666171;772001001;MDM-512-000233325
йюгюмяйхи цхопнмххюбхюопнл;гюн;1657002101;166101001;MDM-612-000245557
йюксцюопханп;гюн;4028050231;402801001;MDM-612-000245561
йюпювебяйхи гюбнд щкейрпндерюкэ;гюн;3254511340;324501001;MDM-512-000233034
йюяхлнбункнд;гюн;6226000620;622601001;MDM-512-000233734
йюяйюд-рекейнл;гюн;7702353031;771601001;MDM-512-000233417
йют;гюн;2125000440;212501001;MDM-612-000245782
йа гюбндю пняяхъ;гюн;7804349411;781001001;MDM-512-000233023
йа йнпсмд-л;гюн;7725700394;772601001;MDM-712-000252254
йа йнпсмд-л;гюн;7728653255;772601001;MDM-114-000621730
йа ксв;гюн;7610063043;761001001;MDM-512-000232622
йа мюбхя;гюн;7725075060;773001001;MDM-512-000233418
йа яхрхаюмй;гюн;7710401987;771001001;MDM-512-000233306
йа-1;гюн;7712098655;774301001;MDM-512-000233737
йанп;гюн;7705711648;770501001;MDM-612-000245677
йаял;гюн;7802205799;781101001;MDM-713-000553179
йарнвлюь хл. ю.щ. мсдекэлюмю;гюн;7728789425;772801001;MDM-713-000553178
йгря;гюн;5022030914;502201001;MDM-512-000233432
йкхн-янтр;гюн;7703415322;773001001;MDM-712-000252173
йлй;гюн;7115500027;711501001;MDM-512-000233301
ймхпрх;гюн;4007017378;400701001;MDM-512-000233740
йндейя;гюн;7826714668;783801001;MDM-712-000251908
йнлахмюр щйнкнцхвеяйнцн наяксфхбюмхъ;гюн;7708575168;770801001;MDM-612-000245786
йнллепяюмрз б яюмйр-оерепаспце;гюн;7825472670;784201001;MDM-512-000233411
йнлоюмхъ хмтнплйнмрюйр;гюн;7714176683;773401001;MDM-512-000233366
йнмжепм лнпхмяхя - юцюр;гюн;7720544208;772001001;MDM-512-000233897
йнмжепм мон юбпнпю;гюн;7802463197;780201001;MDM-512-000233150
йнмжепм пнящмепцнюрнл;гюн;7721632827;772101001;MDM-512-000232547
йнмжепм прх яхярелш;гюн;7713269230;771301001;MDM-512-000233914
йнмжепм яхярелопнл;гюн;7708753935;771801001;MDM-512-000232534
йнмжепм рхрюм-2;гюн;7827004484;770301001;MDM-614-000828511
йнмжепм спюкбюцнмгюбнд;гюн;7706453206;770601001;MDM-614-000818981
йнпонпюжхъ цюкюйрхйю;гюн;7707140573;770301001;MDM-713-000553167
йнпонпюжхъ лхр;гюн;7715842760;771501001;MDM-713-000553166
йолц;гюн;7702019950;770201001;MDM-512-000233419
йпюялюь;гюн;2462206345;246201001;MDM-512-000233815
йпюямнцнпяйхи йют;гюн;1203000128;120301001;MDM-712-000251764
йпютрбщи йнпонпщиьм окя;гюн;5018037096;402501001;MDM-512-000233423
йпнй хмйнпонпеиред;гюн;7701004101;770101001;MDM-512-000233416
йпнмьрюдр реумнкнцхх;гюн;7819305720;780101001;MDM-614-000826592
йпщлг;гюн;7115501221;711501001;MDM-512-000233182
йпщр;гюн;7703695246;770501001;MDM-512-000233037
йял яебепн-гюоюд;гюн;7802413855;781001001;MDM-512-000233434
йскг;гюн;6666000100;661201001;MDM-512-000233047
йсонк-опн;гюн;1831089384;183101001;MDM-713-000553162
йвся;гюн;4347030908;434501001;MDM-512-000233814
йщло;гюн;7721020158;772101001;MDM-512-000233410
йщрг;гюн;1659052901;165901001;MDM-612-000245556
кюлхмюпмше яхярелш;гюн;7415028920;741501001;MDM-512-000233433
кюмуняр;гюн;7719140360;771901001;MDM-512-000233352
кермше опнбепйх х яхярелш;гюн;7704251349;770401001;MDM-512-000233446
кхоежйхи ярюмйнгюбнд бнгпнфдемхе;гюн;4823030135;482301001;MDM-512-000233439
лю яхлтепнонкэ;гюн;9102065317;910201001;MDM-512-000233164
люй;гюн;6313036408;631301001;MDM-713-000553151
люйнлмер;гюн;7702029405;770201001;MDM-512-000233431
люйя;гюн;7709031643;770501001;MDM-512-000233440
люярщмепцн;гюн;7810040501;781701001;MDM-114-000621787
люь;гюн;7712094033;504701001;MDM-512-000233046
люьхмнярпнемхе яб;гюн;7805035009;780501001;MDM-512-000233045
лцох;гюн;7728163885;772801001;MDM-512-000233443
ледхюункдхмц щйяоепр;гюн;7714656200;771401001;MDM-512-000232802
ледхйнм крд;гюн;7726086307;771901001;MDM-913-000565258
лефдсмюпндмши ющпнонпр бмсйнбн;гюн;7710404473;772901001;MDM-512-000233723
лефдсмюпндмши ющпнонпр йюксцю;гюн;4029043149;402901001;MDM-514-000815222
лерюккхмбеяррпюяр;гюн;7709380235;770501001;MDM-512-000233414
лерюккспцхвеяйхи гюбнд щкейрпнярюкэ;гюн;5053000797;505301001;MDM-512-000233048
лерпнбюцнмлюь;гюн;5029006702;502901001;MDM-612-000245979
лерпнярпнищмепцн;гюн;7705759390;770501001;MDM-512-000233415
лг пхо;гюн;3307001987;333401001;MDM-512-000233038
лго;гюн;6827005976;682701001;MDM-512-000233885
лгяя;гюн;7728423036;772801001;MDM-414-000729430
лгщл;гюн;7719130844;772001001;MDM-612-000246012
лхпйнл;гюн;2634047316;263401001;MDM-813-000557085
лйа хяйпю;гюн;7714288059;771401001;MDM-612-000245715
лйа йнлоюя;гюн;7705489560;770501001;MDM-512-000233888
ллг;гюн;5029126076;502901001;MDM-612-000245899
ллг юбюмцюпд;гюн;7743065177;774301001;MDM-313-000394149
ллг гмюлъ;гюн;7715069525;774301001;MDM-512-000233891
ллро;гюн;5190400349;519001001;MDM-612-000245655
ллря-9;гюн;7728037545;772801001;MDM-612-000245932
лмхпрх;гюн;7709899951;770901001;MDM-512-000233039
лмхрх;гюн;7701024429;770101001;MDM-512-000233556
лмой юбхнмхйю;гюн;7715003820;771501001;MDM-512-000233886
лнмнйпхярюкк;гюн;2635116509;263501001;MDM-713-000553121
лнпонпр яоа;гюн;7805025346;780501001;MDM-512-000233722
лнябнднйюмюк;гюн;7701984274;770101001;MDM-512-000233159
лняцюг;гюн;7709919968;770901001;MDM-114-000621726
лнянакцюг;гюн;5032292612;503201001;MDM-713-000553115
лняопнлопнейр;гюн;7710964267;771001001;MDM-712-000252550
лнящмепцняашр;гюн;7736520080;773601001;MDM-512-000233893
лнящо;гюн;7712008203;774301001;MDM-612-000245930
ло рюлюмэ;гюн;2311084046;231001001;MDM-912-000281782
лоай нвюйнбн;гюн;7729101200;772901001;MDM-912-000282048
лог;гюн;3334017070;333401001;MDM-512-000233895
лпг;гюн;3307001867;333401001;MDM-512-000233894
ляо аюмй;гюн;7703213534;770501001;MDM-912-000281797
лрк;гюн;7722134310;771901001;MDM-713-000553111
лро сярэ-ксцю;гюн;4707018000;470701001;MDM-114-000621758
лрс яюрспм;гюн;7718047248;771801001;MDM-612-000246003
лскэрхйкер;гюн;6658365770;665801001;MDM-512-000233874
лжемяйхи гюбнд йнллюь;гюн;5703000204;570301001;MDM-512-000233898
лжхй;гюн;7728532490;771301001;MDM-512-000234409
лжяр;гюн;7736053886;773601001;MDM-512-000233469
лщк;гюн;3664122185;366401001;MDM-913-000567873
мюйюк-опнлшькеммше оевх;гюн;5044066449;504401001;MDM-512-000233288
метреопндсйр;гюн;5263031093;526301001;MDM-512-000233470
мгцо;гюн;6912009717;691201001;MDM-512-000233466
мхх леуюмнрпнмхйх - юкэтю - мж;гюн;3661046916;366101001;MDM-912-000281760
мхх схл юбм;гюн;7705163656;771401001;MDM-713-000553099
мхх жоя;гюн;6904008332;695001001;MDM-514-000765987
мхххм лмон яоейрп;гюн;7704221810;770401001;MDM-912-000282094
мххох хцяо;гюн;7710687687;770201001;MDM-912-000282034
мхж пегнмюмя;гюн;7718016419;771801001;MDM-512-000233522
млг;гюн;5259008768;525901001;MDM-713-000553088
мнбеиьхе реумнкнцхх;гюн;6901028901;695001001;MDM-813-000556332
моюн мюсвопханп;гюн;5753001161;575301001;MDM-713-000553080
мой щккхпнм;гюн;7705370155;773001001;MDM-512-000233492
мой ъпкх;гюн;7602003918;760201001;MDM-512-000233519
моо хмфлюьопнейр;гюн;7723147865;771901001;MDM-512-000233392
моо люцпюрео;гюн;5052013916;505001001;MDM-512-000233430
моо люьопнл;гюн;6660016255;667001001;MDM-512-000233447
моо окюмерю - юпцюкк;гюн;5321037971;532101001;MDM-A0F-000081499
моо псяаюк;гюн;7733182410;773301001;MDM-512-000233482
моо щкхйя;гюн;7737080515;772401001;MDM-512-000233486
мот днкнлюмр;гюн;7728512529;772801001;MDM-512-000233393
мож кхмю;гюн;7722018747;772201001;MDM-512-000233488
мож тхплю мекй;гюн;7702040470;772101001;MDM-512-000233322
мр;гюн;7705051215;771501001;MDM-A14-000871267
мрон бейрнп;гюн;7804047001;780601001;MDM-512-000233317
мрж йювеярбн;гюн;5027077507;502701001;MDM-512-000233491
мрж лндскэ;гюн;7714009178;771401001;MDM-913-000565253
мжб лхкэ х йюлнб;гюн;7718016666;502701001;MDM-512-000233892
нбй ахгнм;гюн;7717572935;771701001;MDM-512-000233453
нпахрю;гюн;3664099994;366401001;MDM-813-000556324
оекемц;гюн;7803023470;780401001;MDM-813-000556321
ойраю;гюн;5835001003;583501001;MDM-512-000233517
он щро;гюн;5506052891;550401001;MDM-713-000553003
опедопхърхе йпхр;гюн;7701206274;773101001;MDM-612-000246071
опедопхърхе яоежхюкэмше реумнкнцхх;гюн;5834019128;583701001;MDM-512-000233289
опхнп;гюн;7801086073;780101001;MDM-813-000557618
опнлшькеммюъ цпсоою хмбемр;гюн;7805240657;781401001;MDM-512-000233296
опнвмнярэ;гюн;7721026752;772101001;MDM-512-000233524
оро цпюд;гюн;6660123850;667001001;MDM-512-000233354
педюйжхъ цюгерш лняйнбяйхи йнлянлнкеж;гюн;7703046121;770301001;MDM-912-000282004
пеяреп;гюн;1831066404;183101001;MDM-712-000252283
пеяспя;гюн;7112000210;711201001;MDM-813-000557614
пкй яйюкю;гюн;7701175562;770101001;MDM-512-000233549
пняйюпрнцпютхъ;гюн;7722787661;772201001;MDM-814-000848308
пнялю;гюн;5257058379;526001001;MDM-813-000557135
пняяхияйюъ нжемйю /гюн пнянжемйю;гюн;7718112874;771401001;MDM-512-000233531
пяй реумнкнцхх;гюн;7730635550;773001001;MDM-512-000233292
псяюй;гюн;7721157459;770801001;MDM-913-000565288
псятхмреу;гюн;5407176744;540701001;MDM-512-000233495
яб-юсдхр;гюн;7710238106;771001001;MDM-512-000233307
ябя-щл;гюн;7734048182;773101001;MDM-512-000233308
яеребше реумнкнцхх;гюн;7713698567;771701001;MDM-813-000556466
ях опнейр;гюн;7825503960;781001001;MDM-813-000556465
яхцмх цпсо;гюн;7816118666;781601001;MDM-512-000233539
ялй;гюн;7704506491;770401001;MDM-512-000233599
янйнк-юря;гюн;3123040489;312301001;MDM-713-000552928
янтропнл;гюн;7718562633;771801001;MDM-512-000231080
яохмнйя;гюн;7204011980;720301001;MDM-114-000621890
яокюим-жемрп;гюн;7710250689;770101001;MDM-512-000233321
ярхмя йнпо.;гюн;7719158215;771901001;MDM-512-000233603
ясоепреуопханп;гюн;5029073032;502901001;MDM-913-000565289
рюцюр хл. я.х. кхбьхжю;гюн;6829008806;682901001;MDM-813-000563510
рюитсм;гюн;4026005699;402901001;MDM-512-000233739
рюлнфеммне юцемрярбн ярюпр;гюн;7713533678;773001001;MDM-512-000233559
рюрщмепцн;гюн;1657036630;165501001;MDM-912-000281779
рбхл;гюн;6671202711;667001001;MDM-512-000233056
рбщк;гюн;7706123550;770601001;MDM-512-000233052
рд йюкхапнм;гюн;7719696020;772901001;MDM-512-000233572
рд лг йн;гюн;3442122498;770401001;MDM-713-000552900
рекейнл;гюн;7706012498;770601001;MDM-912-000282133
рекейнлоюмхъ мрб;гюн;7703191457;770301001;MDM-512-000232684
рекпня;гюн;7812025555;780201001;MDM-912-000282134
реокнопханп;гюн;7450004008;746001001;MDM-512-000232689
реокнщмепцн;гюн;5257087027;525701001;MDM-813-000558075
реякх;гюн;7723505528;772301001;MDM-512-000233535
реумндхмюлхйю;гюн;7719265496;770501001;MDM-512-000233053
реумнкнцхъ люпйер;гюн;7020032042;701701001;MDM-512-000233570
реумноюпй яюпнб;гюн;5216017398;521601001;MDM-912-000281780
реумнп;гюн;7736075791;772701001;MDM-512-000233555
реумняепбз ю/я;гюн;7713316514;771301001;MDM-512-000233540
реумнрюбп;гюн;7706144141;772301001;MDM-512-000233541
рг пебрпсд;гюн;6829024766;682901001;MDM-814-000844278
рхрпюм;гюн;7810634618;781001001;MDM-912-000282176
рлро;гюн;2322001997;236501001;MDM-512-000233915
рн йпюямюъ гбегдю;гюн;7717755632;771701001;MDM-612-000245491
рно яхярелш;гюн;7726601967;772601001;MDM-813-000557620
рой кхмйня;гюн;7733061279;775101001;MDM-712-000252285
рой реумнонкчя;гюн;7722258876;772201001;MDM-713-000555304
р-окюртнплш;гюн;7736588433;773601001;MDM-512-000233771
рпюмябхр;гюн;5321036103;532101001;MDM-512-000233860
рпюмялюьункдхмц;гюн;7723199790;770501001;MDM-813-000558066
рпеяр йюлднпярпни;гюн;1650011322;165001001;MDM-512-000233593
рпеяр лняяоежпелярпни;гюн;7736041295;772701001;MDM-512-000233580
рпхмхрх хбемря;гюн;7725677057;772501001;MDM-512-000233068
рпй;гюн;7743017952;774301001;MDM-512-000233536
рскэяйхи гюбнд прх;гюн;7104001869;710401001;MDM-612-000245427
рспмхт;гюн;2536053382;253601001;MDM-912-000281783
ртй йюлюг;гюн;1653019048;165001001;MDM-512-000233033
р-уекоеп рекейнл;гюн;7726287187;772601001;MDM-512-000233592
рул;гюн;3128028527;312801001;MDM-512-000233542
рчлемэрек;гюн;7203085179;720301001;MDM-514-000811768
ръфлюь;гюн;6325000660;632501001;MDM-512-000233866
сй хмреккейрсюкэмши цнпнд;гюн;7715955523;771501001;MDM-614-000828875
сй кхдеп;гюн;7811390410;781001001;MDM-114-000621913
тхплю юцпецюр-опхбнд;гюн;7719024081;771901001;MDM-512-000233335
тй;гюн;4402001555;440201001;MDM-913-000564608
трнпнокюярнбше реумнкнцхх;гюн;7816193617;781401001;MDM-512-000233609
унттлюмм опнтеяяхнмюкэмши хмярпслемр;гюн;7816017139;781101001;MDM-512-000233478
жах-яепбхя;гюн;5054009168;505401001;MDM-512-000233477
жор;гюн;7710233387;770501001;MDM-512-000234333
жтр;гюн;5407125059;543301001;MDM-713-000545754
вхярше реумнкнцхх;гюн;1831054695;183101001;MDM-712-000252289
щбпхйю;гюн;7827008143;781001001;MDM-614-000823906
щив щк ах бмеьюсдхр;гюн;7706118254;770601001;MDM-512-000232773
щйю;гюн;5054002290;501801001;MDM-512-000233170
щйноях;гюн;7710434132;771001001;MDM-713-000545745
щйяюп;гюн;7704792651;770301001;MDM-512-000233917
щйяоепр пю;гюн;7710248947;770901001;MDM-713-000554990
щйяонжемрп;гюн;7718033809;770301001;MDM-713-000553983
щкюп;гюн;7743028263;500401001;MDM-512-000233305
щкюп;гюн;2903001295;290301001;MDM-512-000233601
щкбхя-окчя;гюн;7735003794;773501001;MDM-713-000555055
щкейрпнюбрнлюрхйю;гюн;2636008464;263601001;MDM-512-000233065
щкейрпнюцпецюр;гюн;5401103595;540101001;MDM-512-000233064
щкейрпнмопханп;гюн;6230040094;623001001;MDM-912-000282189
щкейрпнръцю;гюн;7805020789;780501001;MDM-512-000233613
щм. ях. юп., NCR A/н;гюн;7705119551;770501001;MDM-912-000282187
щмепопнл-жемрп;гюн;7713758706;771301001;MDM-512-000233577
чй ябнандю;гюн;5262149631;526201001;MDM-913-000567837
чмхреяр-пемрцем;гюн;7802208920;780201001;MDM-512-000232797
ъпонкхлеплюь;гюн;7606037918;760601001;MDM-512-000233582
