{
  "getApprovalRole" : {
    "transaction" : "getApprovalRole",
    "sampleCount" : 492290,
    "errorCount" : 0,
    "errorPct" : 0.0,
    "meanResTime" : 17.529328241483373,
    "minResTime" : 11.0,
    "maxResTime" : 10391.0,
    "pct1ResTime" : 23.0,
    "pct2ResTime" : 40.0,
    "pct3ResTime" : 77.0,
    "throughput" : 11.398984078192461,
    "receivedKBytesPerSec" : 48.6080736781894,
    "sentKBytesPerSec" : 44.79453239266398
  },
  "RemoveExcess" : {
    "transaction" : "RemoveExcess",
    "sampleCount" : 246134,
    "errorCount" : 1,
    "errorPct" : 4.0628275E-4,
    "meanResTime" : 0.36879910942819977,
    "minResTime" : 0.0,
    "maxResTime" : 67.0,
    "pct1ResTime" : 1.0,
    "pct2ResTime" : 1.0,
    "pct3ResTime" : 1.0,
    "throughput" : 5.70048362883282,
    "receivedKBytesPerSec" : 0.0,
    "sentKBytesPerSec" : 0.0
  },
  "loginRequest" : {
    "transaction" : "loginRequest",
    "sampleCount" : 296617,
    "errorCount" : 0,
    "errorPct" : 0.0,
    "meanResTime" : 48.091667031896364,
    "minResTime" : 28.0,
    "maxResTime" : 7798.0,
    "pct1ResTime" : 79.0,
    "pct2ResTime" : 95.0,
    "pct3ResTime" : 152.0,
    "throughput" : 6.847211862477084,
    "receivedKBytesPerSec" : 22.301789634462484,
    "sentKBytesPerSec" : 4.358034548005404
  },
  "GetCardID" : {
    "transaction" : "GetCardID",
    "sampleCount" : 1861,
    "errorCount" : 0,
    "errorPct" : 0.0,
    "meanResTime" : 0.14830736163353045,
    "minResTime" : 0.0,
    "maxResTime" : 14.0,
    "pct1ResTime" : 1.0,
    "pct2ResTime" : 1.0,
    "pct3ResTime" : 1.0,
    "throughput" : 0.04309990945776678,
    "receivedKBytesPerSec" : 0.0,
    "sentKBytesPerSec" : 0.0
  },
  "getRequest" : {
    "transaction" : "getRequest",
    "sampleCount" : 247996,
    "errorCount" : 0,
    "errorPct" : 0.0,
    "meanResTime" : 93.01150018548705,
    "minResTime" : 46.0,
    "maxResTime" : 10483.0,
    "pct1ResTime" : 110.0,
    "pct2ResTime" : 150.0,
    "pct3ResTime" : 458.9900000000016,
    "throughput" : 5.742285895938052,
    "receivedKBytesPerSec" : 57.33862859666093,
    "sentKBytesPerSec" : 21.724199349700527
  },
  "logoutRequest" : {
    "transaction" : "logoutRequest",
    "sampleCount" : 295758,
    "errorCount" : 0,
    "errorPct" : 0.0,
    "meanResTime" : 24.6146308806528,
    "minResTime" : 6.0,
    "maxResTime" : 12769.0,
    "pct1ResTime" : 27.0,
    "pct2ResTime" : 58.95000000000073,
    "pct3ResTime" : 117.9900000000016,
    "throughput" : 6.832194183840536,
    "receivedKBytesPerSec" : 11.919703315805735,
    "sentKBytesPerSec" : 24.141143636067003
  },
  "searchCard" : {
    "transaction" : "searchCard",
    "sampleCount" : 2871,
    "errorCount" : 0,
    "errorPct" : 0.0,
    "meanResTime" : 42.27412051549995,
    "minResTime" : 17.0,
    "maxResTime" : 2623.0,
    "pct1ResTime" : 43.0,
    "pct2ResTime" : 71.0,
    "pct3ResTime" : 475.5600000000004,
    "throughput" : 0.06665745705632219,
    "receivedKBytesPerSec" : 0.03637428022106548,
    "sentKBytesPerSec" : 0.32726352172984347
  },
  "AcquaintanceRequest" : {
    "transaction" : "AcquaintanceRequest",
    "sampleCount" : 1861,
    "errorCount" : 0,
    "errorPct" : 0.0,
    "meanResTime" : 94.70284793121965,
    "minResTime" : 33.0,
    "maxResTime" : 3557.0,
    "pct1ResTime" : 139.0,
    "pct2ResTime" : 207.89999999999986,
    "pct3ResTime" : 431.3799999999999,
    "throughput" : 0.043097035905828834,
    "receivedKBytesPerSec" : 0.010724121004284137,
    "sentKBytesPerSec" : 0.20499349789247157
  },
  "FillFields" : {
    "transaction" : "FillFields",
    "sampleCount" : 246143,
    "errorCount" : 0,
    "errorPct" : 0.0,
    "meanResTime" : 0.9449344486741387,
    "minResTime" : 0.0,
    "maxResTime" : 247.0,
    "pct1ResTime" : 1.0,
    "pct2ResTime" : 1.0,
    "pct3ResTime" : 2.0,
    "throughput" : 5.700112919402974,
    "receivedKBytesPerSec" : 0.0,
    "sentKBytesPerSec" : 0.0
  },
  "newRequest" : {
    "transaction" : "newRequest",
    "sampleCount" : 246158,
    "errorCount" : 0,
    "errorPct" : 0.0,
    "meanResTime" : 49.55832839070821,
    "minResTime" : 17.0,
    "maxResTime" : 14987.0,
    "pct1ResTime" : 124.0,
    "pct2ResTime" : 187.0,
    "pct3ResTime" : 407.0,
    "throughput" : 5.699079666168649,
    "receivedKBytesPerSec" : 30.695657972685613,
    "sentKBytesPerSec" : 22.10619808773672
  },
  "StartProcessStoreRequest" : {
    "transaction" : "StartProcessStoreRequest",
    "sampleCount" : 246125,
    "errorCount" : 29593,
    "errorPct" : 12.023565,
    "meanResTime" : 179.41947384459195,
    "minResTime" : 47.0,
    "maxResTime" : 12644.0,
    "pct1ResTime" : 232.0,
    "pct2ResTime" : 405.0,
    "pct3ResTime" : 757.0,
    "throughput" : 5.7004567197817595,
    "receivedKBytesPerSec" : 5.578485985800623,
    "sentKBytesPerSec" : 36.558052747181534
  },
  "FillRoles" : {
    "transaction" : "FillRoles",
    "sampleCount" : 18610,
    "errorCount" : 0,
    "errorPct" : 0.0,
    "meanResTime" : 0.0910263299301452,
    "minResTime" : 0.0,
    "maxResTime" : 18.0,
    "pct1ResTime" : 0.0,
    "pct2ResTime" : 1.0,
    "pct3ResTime" : 1.0,
    "throughput" : 0.43099346494868646,
    "receivedKBytesPerSec" : 0.0,
    "sentKBytesPerSec" : 0.0
  },
  "reportBuild" : {
    "transaction" : "reportBuild",
    "sampleCount" : 2268,
    "errorCount" : 0,
    "errorPct" : 0.0,
    "meanResTime" : 238.06657848324548,
    "minResTime" : 113.0,
    "maxResTime" : 3712.0,
    "pct1ResTime" : 275.0,
    "pct2ResTime" : 339.0,
    "pct3ResTime" : 449.30999999999995,
    "throughput" : 0.052621006389276005,
    "receivedKBytesPerSec" : 0.09151207085399948,
    "sentKBytesPerSec" : 0.2176244237239951
  },
  "storeRequest" : {
    "transaction" : "storeRequest",
    "sampleCount" : 246139,
    "errorCount" : 0,
    "errorPct" : 0.0,
    "meanResTime" : 402.88033184501467,
    "minResTime" : 111.0,
    "maxResTime" : 21623.0,
    "pct1ResTime" : 756.0,
    "pct2ResTime" : 1118.0,
    "pct3ResTime" : 1869.9800000000032,
    "throughput" : 5.70027307878896,
    "receivedKBytesPerSec" : 3.1325132658927775,
    "sentKBytesPerSec" : 2124.2339166467837
  },
  "Total" : {
    "transaction" : "Total",
    "sampleCount" : 5059281,
    "errorCount" : 29594,
    "errorPct" : 0.5849448,
    "meanResTime" : 49.51210300436305,
    "minResTime" : 0.0,
    "maxResTime" : 21623.0,
    "pct1ResTime" : 150.90000000000146,
    "pct2ResTime" : 224.0,
    "pct3ResTime" : 657.9900000000016,
    "throughput" : 116.79023413629335,
    "receivedKBytesPerSec" : 398.436716755079,
    "sentKBytesPerSec" : 2494.8812482004664
  },
  "GetRandomParam" : {
    "transaction" : "GetRandomParam",
    "sampleCount" : 5150,
    "errorCount" : 0,
    "errorPct" : 0.0,
    "meanResTime" : 0.22718446601941797,
    "minResTime" : 0.0,
    "maxResTime" : 17.0,
    "pct1ResTime" : 1.0,
    "pct2ResTime" : 1.0,
    "pct3ResTime" : 1.0,
    "throughput" : 0.11923726031487389,
    "receivedKBytesPerSec" : 0.0,
    "sentKBytesPerSec" : 0.0
  },
  "getAddressesRole" : {
    "transaction" : "getAddressesRole",
    "sampleCount" : 2461439,
    "errorCount" : 0,
    "errorPct" : 0.0,
    "meanResTime" : 16.36197281346481,
    "minResTime" : 10.0,
    "maxResTime" : 11124.0,
    "pct1ResTime" : 22.0,
    "pct2ResTime" : 35.0,
    "pct3ResTime" : 79.0,
    "throughput" : 57.00103401025562,
    "receivedKBytesPerSec" : 219.5891754807481,
    "sentKBytesPerSec" : 223.99695703107838
  },
  "getTask" : {
    "transaction" : "getTask",
    "sampleCount" : 1861,
    "errorCount" : 0,
    "errorPct" : 0.0,
    "meanResTime" : 157.69102632993005,
    "minResTime" : 76.0,
    "maxResTime" : 3989.0,
    "pct1ResTime" : 176.79999999999995,
    "pct2ResTime" : 487.99999999999864,
    "pct3ResTime" : 1348.8399999999979,
    "throughput" : 0.04309926165244468,
    "receivedKBytesPerSec" : 0.27967934810815087,
    "sentKBytesPerSec" : 0.16069504921143637
  }
}